Model,Accuracy
KNN,0.3341752967921192
Decision Tree,0.6870421823692852
