Model,MSE,MAE,R²
Linear Regression,0.4731016254420819,0.498758610469586,0.6162271478185639
Random Forest,0.25787210663395016,0.3272268812578935,0.7908180641559391
